# https://docs.netlify.com/routing/redirects/redirect-options/
# Redirect from the paths of previous chapters

/book                                    /
/book/acknowledgments                    /acknowledgments
/book/dedication                         /dedication

/book/introduction                       /introduction
/book/chapter-1-vectors                  /vectors
/book/chapter-2-forces                   /forces
/book/chapter-3-oscillation              /oscillation
/book/chapter-4-particle-systems         /particles
/book/chapter-5-physics-libraries        /physics-libraries
/book/chapter-6-autonomous-agents        /autonomous-agents
/book/chapter-7-cellular-automata        /cellular-automata
/book/chapter-8-fractals                 /fractals
/book/chapter-9-the-evolution-of-code    /genetic-algorithms
/book/chapter-10-neural-networks         /neural-networks
